"DESCRIPTION","DURATION IN MS","NAME","PARENT SUITE","START TIME","STATUS","STOP TIME","SUB SUITE","SUITE","TEST CLASS","TEST METHOD"
"","11938","test_send_message","tests","Sun Sep 07 14:48:06 UTC 2025","broken","Sun Sep 07 14:48:18 UTC 2025","ExampleTestCase","test_example","",""
"","12304","test_send_message","tests","Sun Sep 07 14:47:55 UTC 2025","broken","Sun Sep 07 14:48:07 UTC 2025","ExampleTestCase","test_example","",""
"","8015","test_page_title","tests","Sun Sep 07 14:47:55 UTC 2025","passed","Sun Sep 07 14:48:03 UTC 2025","ExampleTestCase","test_example","",""
"","13282","test_send_message","tests","Sun Sep 07 14:48:06 UTC 2025","broken","Sun Sep 07 14:48:19 UTC 2025","ExampleTestCase","test_example","",""
"","11994","test_send_message","tests","Sun Sep 07 14:48:03 UTC 2025","broken","Sun Sep 07 14:48:15 UTC 2025","ExampleTestCase","test_example","",""
"","7720","test_page_title","tests","Sun Sep 07 14:47:59 UTC 2025","passed","Sun Sep 07 14:48:06 UTC 2025","ExampleTestCase","test_example","",""
"","2589","test_page_title","tests","Sun Sep 07 14:47:52 UTC 2025","passed","Sun Sep 07 14:47:55 UTC 2025","ExampleTestCase","test_example","",""
"","14486","test_send_message","tests","Sun Sep 07 14:48:05 UTC 2025","broken","Sun Sep 07 14:48:20 UTC 2025","ExampleTestCase","test_example","",""
"","3397","test_page_title","tests","Sun Sep 07 14:48:03 UTC 2025","passed","Sun Sep 07 14:48:06 UTC 2025","ExampleTestCase","test_example","",""
"","4580","test_page_title","tests","Sun Sep 07 14:48:01 UTC 2025","passed","Sun Sep 07 14:48:05 UTC 2025","ExampleTestCase","test_example","",""
"","13539","test_send_message","tests","Sun Sep 07 14:48:03 UTC 2025","broken","Sun Sep 07 14:48:17 UTC 2025","ExampleTestCase","test_example","",""
"","3808","test_page_title","tests","Sun Sep 07 14:47:59 UTC 2025","passed","Sun Sep 07 14:48:03 UTC 2025","ExampleTestCase","test_example","",""
